city,state
Anchorage, AK
Fairbanks, AK
Juneau, AK
Soldotna, AK
Birmingham, AL
Mobile, AL
Little Rock, AR
Flagstaff, AZ
Glendale, AZ
Mesa, AZ
Phoenix, AZ
Phoenix, AZ
Tempe, AZ
Tucson, AZ
Alhambra, CA
Anaheim, CA
Antioch, CA
Bakersfield, CA
Burbank, CA
Canoga Park, CA
Carson, CA
Chico, CA
Chula Vista, CA
Clearlake, CA
Coachella, CA
Compton, CA
Concord, CA
Corona, CA
Costa Mesa, CA
El Cajon, CA
El Centro, CA
El Cerrito, CA
El Monte, CA
Escondido, CA
Eureka, CA
Fairfield, CA
Fresno, CA
Fresno, CA
Gilroy, CA
Glendora, CA
Hayward, CA
Lakewood, CA
Lakewood, CA
Lawndale, CA
Long Beach, CA
Los Angeles, CA
Los Angeles, CA
Los Angeles, CA
Los Angeles, CA
Los Angeles, CA
Los Angeles, CA
Los Angeles, CA
Madera, CA
Manteca, CA
Merced, CA
Mission Viejo, CA
Modesto, CA
Moreno Valley, CA
Mountain View, CA
Napa, CA
North Highlands, CA
Oakland, CA
Oakland, CA
Orange, CA
Palmdale, CA
Pasadena, CA
Pomona, CA
Rancho Mirage, CA
Rancho Mirage, CA
Redding, CA
Redwood City, CA
Richmond, CA
Riverside, CA
Roseville, CA
Sacramento, CA
Sacramento, CA
Sacramento, CA
Salinas, CA
San Bernardino, CA
San Diego, CA
San Diego, CA
San Diego, CA
San Diego, CA
San Diego, CA
San Diego, CA
San Diego, CA
San Diego, CA
San Francisco, CA
San Francisco, CA
San Jose, CA
San Jose, CA
San Jose, CA
San Jose, CA
San Luis Obispo, CA
San Mateo, CA
San Rafael, CA
San Ramon, CA
Santa Ana, CA
Santa Barbara, CA
Santa Cruz, CA
Santa Maria, CA
Santa Monica, CA
Santa Rosa, CA
Seaside, CA
South San Francisco, CA
Stockton, CA
Stockton, CA
Thousand Oaks, CA
Tracy, CA
Ukiah, CA
Upland, CA
Vallejo, CA
Van Nuys, CA
Ventura, CA
Victorville, CA
Visalia, CA
Vista, CA
Walnut Creek, CA
Watsonville, CA
West Hollywood, CA
Westminster, CA
Whittier, CA
Woodland, CA
Yuba City, CA
Alamosa, CO
Arvada, CO
Aurora, CO
Boulder, CO
Colorado Springs, CO
Cortez, CO
Denver, CO
Denver, CO
Denver, CO
Durango, CO
Fort Collins, CO
Glenwood Springs, CO
Granby, CO
Greeley, CO
Lakewood, CO
Littleton, CO
Salida, CO
Steamboat Springs, CO
Bridgeport, CT
Danbury, CT
Danielson, CT
Enfield, CT
Hartford, CT
Manchester, CT
Meriden, CT
New Haven, CT
New London, CT
Norwich, CT
Old Saybrook, CT
Stamford, CT
Torrington, CT
Waterbury, CT
West Hartford, CT
Willimantic, CT
